{"train_loss": 0.19921625836063295, "_runtime": 1299, "_timestamp": 1636131154, "_step": 199, "train_acc": 69.84132275485032, "val_loss": 0.21359999815876873, "val_acc": 68.4068406840684, "_wandb": {"runtime": 1235}}