{"train_loss": 0.1226822896910184, "_runtime": 1633, "_timestamp": 1636108096, "_step": 199, "train_acc": 83.65278842628088, "val_loss": 0.18534716970909138, "val_acc": 72.78727872787279, "_wandb": {"runtime": 1631}}