{"train_loss": 0.0236514041736722, "_runtime": 2235, "_timestamp": 1636409072, "_step": 199, "train_acc": 98.57246431160779, "val_loss": 0.17828178778290749, "val_acc": 74.85000000000001, "_wandb": {"runtime": 2232}}