{"train_loss": 0.17713306369240095, "_runtime": 1562, "_timestamp": 1636122879, "_step": 199, "train_acc": 74.0691356378546, "val_loss": 0.21554636338743538, "val_acc": 69.08690869086908, "_wandb": {"runtime": 1560}}