{"train_loss": 0.13297925531657648, "_runtime": 1205, "_timestamp": 1636194265, "_step": 199, "train_acc": 81.84545636375759, "val_loss": 0.20060239237147018, "val_acc": 71.42714271427143, "_wandb": {"runtime": 1204}}