{"train_loss": 0.12575894680374594, "_runtime": 1681, "_timestamp": 1636126608, "_step": 199, "train_acc": 83.1227707590253, "val_loss": 0.18361847124065453, "val_acc": 72.97729772977297, "_wandb": {"runtime": 1679}}