{"train_loss": 0.18448498586156983, "_runtime": 1141, "_timestamp": 1636195730, "_step": 199, "train_acc": 72.44816321088072, "val_loss": 0.2169701994274752, "val_acc": 68.85688568856885, "_wandb": {"runtime": 1140}}