{"train_loss": 0.04092013347502798, "_runtime": 1483, "_timestamp": 1636205206, "_step": 199, "train_acc": 96.50732536626832, "val_loss": 0.19042065905067868, "val_acc": 74.72999999999999, "_wandb": {"runtime": 1481}}