{"train_loss": 0.12068916406474516, "_runtime": 1042, "_timestamp": 1636056772, "_step": 199, "train_acc": 86.32621087369579, "val_loss": 0.16748438599391485, "val_acc": 76.32763276327633, "_wandb": {"runtime": 1041}}