{"train_loss": 0.03771817805429202, "_runtime": 2225, "_timestamp": 1636200087, "_step": 399, "train_acc": 96.87979198613242, "val_loss": 0.19968702425115026, "val_acc": 73.36733673367337, "_wandb": {"runtime": 2223}}