{"train_loss": 0.1146754007746797, "_runtime": 1417, "_timestamp": 1636073849, "_step": 199, "train_acc": 87.3695789859662, "val_loss": 0.16715011486230186, "val_acc": 76.23762376237624, "_wandb": {"runtime": 1415}}