{"train_loss": 0.14769731160960217, "_runtime": 1119, "_timestamp": 1636132407, "_step": 199, "train_acc": 82.4121608107207, "val_loss": 0.19084767611643758, "val_acc": 72.77727772777278, "_wandb": {"runtime": 1117}}