{"train_loss": 0.14508361073889967, "_runtime": 2208, "_timestamp": 1636203013, "_step": 399, "train_acc": 82.69551303420228, "val_loss": 0.19117987379669762, "val_acc": 72.53725372537254, "_wandb": {"runtime": 2206}}