{"train_loss": 0.18055174747573288, "_runtime": 117, "_timestamp": 1636070226, "_step": 7, "train_acc": 74.58248608286942, "val_loss": 0.1840957434842, "val_acc": 73.64736473647365}