{"train_loss": 0.11537292838763835, "_runtime": 1417, "_timestamp": 1636071898, "_step": 199, "train_acc": 87.44958165272175, "val_loss": 0.1669325130387617, "val_acc": 76.6076607660766, "_wandb": {"runtime": 1414}}