{"train_loss": 0.18059344395105517, "_runtime": 1073, "_timestamp": 1636055432, "_step": 199, "train_acc": 74.29914330477683, "val_loss": 0.19197972218830364, "val_acc": 71.42714271427143, "_wandb": {"runtime": 1072}}