{"train_loss": 0.04227324829127556, "_runtime": 1126, "_timestamp": 1636197254, "_step": 199, "train_acc": 96.13307553836923, "val_loss": 0.2147190579162619, "val_acc": 71.48714871487148, "_wandb": {"runtime": 1125}}