{"train_loss": 0.13119444117617252, "_runtime": 993, "_timestamp": 1636068196, "_step": 199, "train_acc": 84.4628154271809, "val_loss": 0.17025625990454557, "val_acc": 75.8975897589759, "_wandb": {"runtime": 991}}