{"train_loss": 0.03757676868232837, "_runtime": 1128, "_timestamp": 1636133670, "_step": 199, "train_acc": 96.88645909727315, "val_loss": 0.1984281707733584, "val_acc": 73.60736073607362, "_wandb": {"runtime": 1127}}