{"train_loss": 0.050600454387967904, "_runtime": 1110, "_timestamp": 1636052196, "_step": 199, "train_acc": 94.99649988332945, "val_loss": 0.19415317199671991, "val_acc": 73.22732273227322, "_wandb": {"runtime": 1108}}